model,person,alpha,beta,floor,recall,precision,f1,f2,map50,baseline
head_n,-,-,-,-,0.8390,0.8699,0.8542,0.8450,0.8243,1
head_n,yolo11n,0.5,0.0,0.03,0.8489,0.8596,0.8542,0.8510,0.8612,0
head_n,yolo11n,0.5,0.5,0.03,0.8515,0.6677,0.7485,0.8071,0.8501,0
head_n,yolo11n,1.0,0.0,0.03,0.8515,0.8515,0.8515,0.8515,0.8549,0
head_n,yolo11n,1.0,0.5,0.03,0.8541,0.6633,0.7467,0.8077,0.8455,0
head_n,yolo11n,1.5,0.0,0.03,0.8515,0.8449,0.8482,0.8502,0.8457,0
head_n,yolo11n,1.5,0.5,0.03,0.8541,0.6592,0.7441,0.8065,0.8378,0
head_n,yolo11n,2.0,0.0,0.03,0.8528,0.8369,0.8448,0.8496,0.8395,0
head_n,yolo11n,2.0,0.5,0.03,0.8555,0.6546,0.7417,0.8060,0.8324,0
head_n,yolo11n,2.5,0.0,0.03,0.8541,0.8254,0.8395,0.8482,0.8347,0
head_n,yolo11n,2.5,0.5,0.03,0.8568,0.6478,0.7378,0.8048,0.8283,0
head_n,yolo11n,0.5,0.0,0.05,0.8489,0.8596,0.8542,0.8510,0.8556,0
head_n,yolo11n,0.5,0.5,0.05,0.8515,0.6656,0.7472,0.8065,0.8468,0
head_n,yolo11n,1.0,0.0,0.05,0.8515,0.8515,0.8515,0.8515,0.8493,0
head_n,yolo11n,1.0,0.5,0.05,0.8541,0.6612,0.7454,0.8071,0.8422,0
head_n,yolo11n,1.5,0.0,0.05,0.8515,0.8449,0.8482,0.8502,0.8401,0
head_n,yolo11n,1.5,0.5,0.05,0.8541,0.6572,0.7429,0.8059,0.8345,0
head_n,yolo11n,2.0,0.0,0.05,0.8528,0.8369,0.8448,0.8496,0.8339,0
head_n,yolo11n,2.0,0.5,0.05,0.8555,0.6526,0.7404,0.8054,0.8291,0
head_n,yolo11n,2.5,0.0,0.05,0.8541,0.8254,0.8395,0.8482,0.8291,0
head_n,yolo11n,2.5,0.5,0.05,0.8568,0.6459,0.7365,0.8042,0.8250,0
head_n,yolo11n,0.5,0.0,0.075,0.8489,0.8596,0.8542,0.8510,0.8501,0
head_n,yolo11n,0.5,0.5,0.075,0.8522,0.6644,0.7467,0.8066,0.8435,0
head_n,yolo11n,1.0,0.0,0.075,0.8515,0.8515,0.8515,0.8515,0.8438,0
head_n,yolo11n,1.0,0.5,0.075,0.8548,0.6601,0.7449,0.8072,0.8389,0
head_n,yolo11n,1.5,0.0,0.075,0.8515,0.8449,0.8482,0.8502,0.8346,0
head_n,yolo11n,1.5,0.5,0.075,0.8548,0.6561,0.7424,0.8060,0.8311,0
head_n,yolo11n,2.0,0.0,0.075,0.8528,0.8369,0.8448,0.8496,0.8283,0
head_n,yolo11n,2.0,0.5,0.075,0.8561,0.6515,0.7399,0.8055,0.8256,0
head_n,yolo11n,2.5,0.0,0.075,0.8541,0.8254,0.8395,0.8482,0.8236,0
head_n,yolo11n,2.5,0.5,0.075,0.8574,0.6448,0.7360,0.8044,0.8215,0
head_n,yolo11n,0.5,0.0,0.1,0.8489,0.8596,0.8542,0.8510,0.8452,0
head_n,yolo11n,0.5,0.5,0.1,0.8522,0.6638,0.7463,0.8064,0.8406,0
head_n,yolo11n,1.0,0.0,0.1,0.8515,0.8515,0.8515,0.8515,0.8389,0
head_n,yolo11n,1.0,0.5,0.1,0.8548,0.6594,0.7445,0.8070,0.8359,0
head_n,yolo11n,1.5,0.0,0.1,0.8515,0.8449,0.8482,0.8502,0.8297,0
head_n,yolo11n,1.5,0.5,0.1,0.8548,0.6554,0.7419,0.8058,0.8281,0
head_n,yolo11n,2.0,0.0,0.1,0.8528,0.8369,0.8448,0.8496,0.8235,0
head_n,yolo11n,2.0,0.5,0.1,0.8561,0.6508,0.7395,0.8053,0.8226,0
head_n,yolo11n,2.5,0.0,0.1,0.8541,0.8270,0.8403,0.8486,0.8187,0
head_n,yolo11n,2.5,0.5,0.1,0.8574,0.6451,0.7362,0.8045,0.8184,0
head_n,yolo11n,0.5,0.0,0.15,0.8489,0.8596,0.8542,0.8510,0.8380,0
head_n,yolo11n,0.5,0.5,0.15,0.8522,0.6634,0.7460,0.8063,0.8358,0
head_n,yolo11n,1.0,0.0,0.15,0.8515,0.8521,0.8518,0.8516,0.8317,0
head_n,yolo11n,1.0,0.5,0.15,0.8548,0.6594,0.7445,0.8070,0.8311,0
head_n,yolo11n,1.5,0.0,0.15,0.8515,0.8482,0.8498,0.8508,0.8225,0
head_n,yolo11n,1.5,0.5,0.15,0.8548,0.6571,0.7430,0.8063,0.8233,0
head_n,yolo11n,2.0,0.0,0.15,0.8522,0.8477,0.8499,0.8513,0.8163,0
head_n,yolo11n,2.0,0.5,0.15,0.8555,0.6569,0.7432,0.8067,0.8178,0
head_n,yolo11n,2.5,0.0,0.15,0.8528,0.8473,0.8500,0.8517,0.8116,0
head_n,yolo11n,2.5,0.5,0.15,0.8561,0.6568,0.7433,0.8071,0.8135,0
head_n,yolo11n,0.5,0.0,0.2,0.8489,0.8602,0.8545,0.8511,0.8320,0
head_n,yolo11n,0.5,0.5,0.2,0.8528,0.6629,0.7460,0.8066,0.8325,0
head_n,yolo11n,1.0,0.0,0.2,0.8489,0.8596,0.8542,0.8510,0.8257,0
head_n,yolo11n,1.0,0.5,0.2,0.8528,0.6626,0.7458,0.8065,0.8277,0
head_n,yolo11n,1.5,0.0,0.2,0.8489,0.8590,0.8539,0.8509,0.8165,0
head_n,yolo11n,1.5,0.5,0.2,0.8528,0.6622,0.7455,0.8064,0.8198,0
head_n,yolo11n,2.0,0.0,0.2,0.8489,0.8585,0.8537,0.8508,0.8103,0
head_n,yolo11n,2.0,0.5,0.2,0.8528,0.6619,0.7453,0.8063,0.8141,0
head_n,yolo11n,2.5,0.0,0.2,0.8489,0.8585,0.8537,0.8508,0.8056,0
head_n,yolo11n,2.5,0.5,0.2,0.8528,0.6619,0.7453,0.8063,0.8098,0
head_n,yolo11s,0.5,0.0,0.03,0.8502,0.8598,0.8550,0.8521,0.8624,0
head_n,yolo11s,0.5,0.5,0.03,0.8555,0.6449,0.7354,0.8030,0.8529,0
head_n,yolo11s,1.0,0.0,0.03,0.8541,0.8519,0.8530,0.8537,0.8549,0
head_n,yolo11s,1.0,0.5,0.03,0.8594,0.6412,0.7344,0.8046,0.8475,0
head_n,yolo11s,1.5,0.0,0.03,0.8548,0.8454,0.8500,0.8529,0.8441,0
head_n,yolo11s,1.5,0.5,0.03,0.8601,0.6376,0.7323,0.8040,0.8385,0
head_n,yolo11s,2.0,0.0,0.03,0.8561,0.8342,0.8450,0.8516,0.8382,0
head_n,yolo11s,2.0,0.5,0.03,0.8614,0.6315,0.7287,0.8029,0.8337,0
head_n,yolo11s,2.5,0.0,0.03,0.8574,0.8239,0.8403,0.8505,0.8351,0
head_n,yolo11s,2.5,0.5,0.03,0.8627,0.6258,0.7254,0.8020,0.8313,0
head_n,yolo11s,0.5,0.0,0.05,0.8502,0.8598,0.8550,0.8521,0.8568,0
head_n,yolo11s,0.5,0.5,0.05,0.8555,0.6433,0.7343,0.8025,0.8500,0
head_n,yolo11s,1.0,0.0,0.05,0.8541,0.8519,0.8530,0.8537,0.8493,0
head_n,yolo11s,1.0,0.5,0.05,0.8594,0.6396,0.7334,0.8041,0.8446,0
head_n,yolo11s,1.5,0.0,0.05,0.8548,0.8454,0.8500,0.8529,0.8385,0
head_n,yolo11s,1.5,0.5,0.05,0.8601,0.6361,0.7313,0.8035,0.8356,0
head_n,yolo11s,2.0,0.0,0.05,0.8561,0.8342,0.8450,0.8516,0.8326,0
head_n,yolo11s,2.0,0.5,0.05,0.8614,0.6300,0.7277,0.8024,0.8307,0
head_n,yolo11s,2.5,0.0,0.05,0.8574,0.8239,0.8403,0.8505,0.8296,0
head_n,yolo11s,2.5,0.5,0.05,0.8627,0.6243,0.7244,0.8015,0.8283,0
head_n,yolo11s,0.5,0.0,0.075,0.8502,0.8598,0.8550,0.8521,0.8512,0
head_n,yolo11s,0.5,0.5,0.075,0.8555,0.6411,0.7329,0.8018,0.8466,0
head_n,yolo11s,1.0,0.0,0.075,0.8541,0.8519,0.8530,0.8537,0.8437,0
head_n,yolo11s,1.0,0.5,0.075,0.8594,0.6374,0.7320,0.8034,0.8412,0
head_n,yolo11s,1.5,0.0,0.075,0.8548,0.8454,0.8500,0.8529,0.8330,0
head_n,yolo11s,1.5,0.5,0.075,0.8601,0.6339,0.7299,0.8028,0.8321,0
head_n,yolo11s,2.0,0.0,0.075,0.8561,0.8342,0.8450,0.8516,0.8270,0
head_n,yolo11s,2.0,0.5,0.075,0.8614,0.6279,0.7263,0.8017,0.8272,0
head_n,yolo11s,2.5,0.0,0.075,0.8574,0.8239,0.8403,0.8505,0.8240,0
head_n,yolo11s,2.5,0.5,0.075,0.8627,0.6223,0.7230,0.8008,0.8248,0
head_n,yolo11s,0.5,0.0,0.1,0.8502,0.8598,0.8550,0.8521,0.8463,0
head_n,yolo11s,0.5,0.5,0.1,0.8555,0.6398,0.7321,0.8014,0.8436,0
head_n,yolo11s,1.0,0.0,0.1,0.8541,0.8519,0.8530,0.8537,0.8388,0
head_n,yolo11s,1.0,0.5,0.1,0.8594,0.6362,0.7311,0.8030,0.8381,0
head_n,yolo11s,1.5,0.0,0.1,0.8548,0.8454,0.8500,0.8529,0.8280,0
head_n,yolo11s,1.5,0.5,0.1,0.8601,0.6327,0.7290,0.8024,0.8290,0
head_n,yolo11s,2.0,0.0,0.1,0.8561,0.8342,0.8450,0.8516,0.8221,0
head_n,yolo11s,2.0,0.5,0.1,0.8614,0.6267,0.7255,0.8013,0.8240,0
head_n,yolo11s,2.5,0.0,0.1,0.8574,0.8249,0.8409,0.8507,0.8190,0
head_n,yolo11s,2.5,0.5,0.1,0.8627,0.6217,0.7226,0.8006,0.8216,0
head_n,yolo11s,0.5,0.0,0.15,0.8502,0.8598,0.8550,0.8521,0.8391,0
head_n,yolo11s,0.5,0.5,0.15,0.8555,0.6389,0.7315,0.8011,0.8390,0
head_n,yolo11s,1.0,0.0,0.15,0.8541,0.8530,0.8536,0.8539,0.8316,0
head_n,yolo11s,1.0,0.5,0.15,0.8594,0.6359,0.7309,0.8029,0.8335,0
head_n,yolo11s,1.5,0.0,0.15,0.8548,0.8476,0.8512,0.8533,0.8208,0
head_n,yolo11s,1.5,0.5,0.15,0.8601,0.6330,0.7292,0.8025,0.8243,0
head_n,yolo11s,2.0,0.0,0.15,0.8555,0.8477,0.8515,0.8539,0.8149,0
head_n,yolo11s,2.0,0.5,0.15,0.8607,0.6332,0.7296,0.8030,0.8193,0
head_n,yolo11s,2.5,0.0,0.15,0.8555,0.8449,0.8501,0.8533,0.8118,0
head_n,yolo11s,2.5,0.5,0.15,0.8607,0.6316,0.7286,0.8025,0.8169,0
head_n,yolo11s,0.5,0.0,0.2,0.8502,0.8604,0.8553,0.8522,0.8331,0
head_n,yolo11s,0.5,0.5,0.2,0.8561,0.6384,0.7314,0.8015,0.8358,0
head_n,yolo11s,1.0,0.0,0.2,0.8509,0.8599,0.8554,0.8526,0.8255,0
head_n,yolo11s,1.0,0.5,0.2,0.8568,0.6383,0.7316,0.8019,0.8302,0
head_n,yolo11s,1.5,0.0,0.2,0.8509,0.8593,0.8551,0.8525,0.8147,0
head_n,yolo11s,1.5,0.5,0.2,0.8568,0.6380,0.7314,0.8018,0.8209,0
head_n,yolo11s,2.0,0.0,0.2,0.8509,0.8593,0.8551,0.8525,0.8088,0
head_n,yolo11s,2.0,0.5,0.2,0.8568,0.6380,0.7314,0.8018,0.8158,0
head_n,yolo11s,2.5,0.0,0.2,0.8509,0.8582,0.8545,0.8523,0.8058,0
head_n,yolo11s,2.5,0.5,0.2,0.8568,0.6373,0.7309,0.8016,0.8131,0
head_n,yolo11m,0.5,0.0,0.03,0.8495,0.8591,0.8543,0.8514,0.8625,0
head_n,yolo11m,0.5,0.5,0.03,0.8541,0.6481,0.7370,0.8031,0.8508,0
head_n,yolo11m,1.0,0.0,0.03,0.8528,0.8511,0.8520,0.8525,0.8571,0
head_n,yolo11m,1.0,0.5,0.03,0.8574,0.6441,0.7356,0.8042,0.8478,0
head_n,yolo11m,1.5,0.0,0.03,0.8548,0.8459,0.8503,0.8530,0.8443,0
head_n,yolo11m,1.5,0.5,0.03,0.8594,0.6415,0.7346,0.8047,0.8366,0
head_n,yolo11m,2.0,0.0,0.03,0.8548,0.8372,0.8459,0.8512,0.8374,0
head_n,yolo11m,2.0,0.5,0.03,0.8594,0.6365,0.7313,0.8031,0.8305,0
head_n,yolo11m,2.5,0.0,0.03,0.8568,0.8269,0.8416,0.8506,0.8348,0
head_n,yolo11m,2.5,0.5,0.03,0.8614,0.6309,0.7283,0.8027,0.8285,0
head_n,yolo11m,0.5,0.0,0.05,0.8495,0.8591,0.8543,0.8514,0.8569,0
head_n,yolo11m,0.5,0.5,0.05,0.8548,0.6460,0.7359,0.8029,0.8481,0
head_n,yolo11m,1.0,0.0,0.05,0.8528,0.8511,0.8520,0.8525,0.8514,0
head_n,yolo11m,1.0,0.5,0.05,0.8581,0.6421,0.7345,0.8040,0.8450,0
head_n,yolo11m,1.5,0.0,0.05,0.8548,0.8459,0.8503,0.8530,0.8386,0
head_n,yolo11m,1.5,0.5,0.05,0.8601,0.6395,0.7335,0.8045,0.8338,0
head_n,yolo11m,2.0,0.0,0.05,0.8548,0.8372,0.8459,0.8512,0.8317,0
head_n,yolo11m,2.0,0.5,0.05,0.8601,0.6345,0.7303,0.8030,0.8277,0
head_n,yolo11m,2.5,0.0,0.05,0.8568,0.8269,0.8416,0.8506,0.8291,0
head_n,yolo11m,2.5,0.5,0.05,0.8620,0.6290,0.7273,0.8025,0.8257,0
head_n,yolo11m,0.5,0.0,0.075,0.8495,0.8591,0.8543,0.8514,0.8514,0
head_n,yolo11m,0.5,0.5,0.075,0.8555,0.6446,0.7352,0.8029,0.8452,0
head_n,yolo11m,1.0,0.0,0.075,0.8528,0.8511,0.8520,0.8525,0.8459,0
head_n,yolo11m,1.0,0.5,0.075,0.8587,0.6407,0.7339,0.8040,0.8421,0
head_n,yolo11m,1.5,0.0,0.075,0.8548,0.8459,0.8503,0.8530,0.8330,0
head_n,yolo11m,1.5,0.5,0.075,0.8607,0.6381,0.7329,0.8046,0.8308,0
head_n,yolo11m,2.0,0.0,0.075,0.8548,0.8372,0.8459,0.8512,0.8262,0
head_n,yolo11m,2.0,0.5,0.075,0.8607,0.6332,0.7296,0.8030,0.8247,0
head_n,yolo11m,2.5,0.0,0.075,0.8568,0.8269,0.8416,0.8506,0.8235,0
head_n,yolo11m,2.5,0.5,0.075,0.8627,0.6276,0.7266,0.8026,0.8226,0
head_n,yolo11m,0.5,0.0,0.1,0.8495,0.8591,0.8543,0.8514,0.8465,0
head_n,yolo11m,0.5,0.5,0.1,0.8561,0.6435,0.7347,0.8030,0.8422,0
head_n,yolo11m,1.0,0.0,0.1,0.8528,0.8511,0.8520,0.8525,0.8410,0
head_n,yolo11m,1.0,0.5,0.1,0.8594,0.6396,0.7334,0.8041,0.8391,0
head_n,yolo11m,1.5,0.0,0.1,0.8548,0.8459,0.8503,0.8530,0.8281,0
head_n,yolo11m,1.5,0.5,0.1,0.8614,0.6370,0.7324,0.8047,0.8277,0
head_n,yolo11m,2.0,0.0,0.1,0.8548,0.8372,0.8459,0.8512,0.8212,0
head_n,yolo11m,2.0,0.5,0.1,0.8614,0.6321,0.7291,0.8031,0.8215,0
head_n,yolo11m,2.5,0.0,0.1,0.8568,0.8285,0.8424,0.8510,0.8186,0
head_n,yolo11m,2.5,0.5,0.1,0.8633,0.6275,0.7268,0.8030,0.8194,0
head_n,yolo11m,0.5,0.0,0.15,0.8495,0.8591,0.8543,0.8514,0.8392,0
head_n,yolo11m,0.5,0.5,0.15,0.8568,0.6427,0.7344,0.8033,0.8380,0
head_n,yolo11m,1.0,0.0,0.15,0.8528,0.8511,0.8520,0.8525,0.8337,0
head_n,yolo11m,1.0,0.5,0.15,0.8601,0.6388,0.7331,0.8044,0.8348,0
head_n,yolo11m,1.5,0.0,0.15,0.8548,0.8470,0.8509,0.8532,0.8208,0
head_n,yolo11m,1.5,0.5,0.15,0.8620,0.6369,0.7326,0.8051,0.8234,0
head_n,yolo11m,2.0,0.0,0.15,0.8548,0.8470,0.8509,0.8532,0.8139,0
head_n,yolo11m,2.0,0.5,0.15,0.8620,0.6369,0.7326,0.8051,0.8171,0
head_n,yolo11m,2.5,0.0,0.15,0.8548,0.8454,0.8500,0.8529,0.8113,0
head_n,yolo11m,2.5,0.5,0.15,0.8620,0.6360,0.7319,0.8048,0.8150,0
head_n,yolo11m,0.5,0.0,0.2,0.8495,0.8597,0.8546,0.8516,0.8331,0
head_n,yolo11m,0.5,0.5,0.2,0.8581,0.6421,0.7345,0.8040,0.8348,0
head_n,yolo11m,1.0,0.0,0.2,0.8502,0.8581,0.8541,0.8518,0.8276,0
head_n,yolo11m,1.0,0.5,0.2,0.8587,0.6413,0.7343,0.8042,0.8315,0
head_n,yolo11m,1.5,0.0,0.2,0.8502,0.8575,0.8538,0.8517,0.8147,0
head_n,yolo11m,1.5,0.5,0.2,0.8587,0.6410,0.7341,0.8041,0.8200,0
head_n,yolo11m,2.0,0.0,0.2,0.8502,0.8575,0.8538,0.8517,0.8078,0
head_n,yolo11m,2.0,0.5,0.2,0.8587,0.6410,0.7341,0.8041,0.8136,0
head_n,yolo11m,2.5,0.0,0.2,0.8502,0.8564,0.8533,0.8514,0.8052,0
head_n,yolo11m,2.5,0.5,0.2,0.8587,0.6404,0.7337,0.8039,0.8112,0
head_s,-,-,-,-,0.8509,0.8481,0.8495,0.8503,0.8279,1
head_s,yolo11n,0.5,0.0,0.03,0.8561,0.8331,0.8445,0.8514,0.8600,0
head_s,yolo11n,0.5,0.5,0.03,0.8574,0.6518,0.7406,0.8066,0.8512,0
head_s,yolo11n,1.0,0.0,0.03,0.8594,0.8226,0.8406,0.8518,0.8512,0
head_s,yolo11n,1.0,0.5,0.03,0.8607,0.6460,0.7380,0.8070,0.8439,0
head_s,yolo11n,1.5,0.0,0.03,0.8627,0.8145,0.8379,0.8526,0.8433,0
head_s,yolo11n,1.5,0.5,0.03,0.8640,0.6415,0.7363,0.8079,0.8370,0
head_s,yolo11n,2.0,0.0,0.03,0.8633,0.8056,0.8335,0.8511,0.8361,0
head_s,yolo11n,2.0,0.5,0.03,0.8647,0.6361,0.7329,0.8067,0.8304,0
head_s,yolo11n,2.5,0.0,0.03,0.8660,0.7988,0.8310,0.8516,0.8314,0
head_s,yolo11n,2.5,0.5,0.03,0.8673,0.6322,0.7313,0.8072,0.8261,0
head_s,yolo11n,0.5,0.0,0.05,0.8561,0.8331,0.8445,0.8514,0.8550,0
head_s,yolo11n,0.5,0.5,0.05,0.8574,0.6486,0.7385,0.8056,0.8485,0
head_s,yolo11n,1.0,0.0,0.05,0.8594,0.8226,0.8406,0.8518,0.8462,0
head_s,yolo11n,1.0,0.5,0.05,0.8607,0.6428,0.7360,0.8061,0.8411,0
head_s,yolo11n,1.5,0.0,0.05,0.8627,0.8145,0.8379,0.8526,0.8383,0
head_s,yolo11n,1.5,0.5,0.05,0.8640,0.6383,0.7342,0.8069,0.8341,0
head_s,yolo11n,2.0,0.0,0.05,0.8633,0.8056,0.8335,0.8511,0.8311,0
head_s,yolo11n,2.0,0.5,0.05,0.8647,0.6330,0.7309,0.8057,0.8275,0
head_s,yolo11n,2.5,0.0,0.05,0.8660,0.7988,0.8310,0.8516,0.8263,0
head_s,yolo11n,2.5,0.5,0.05,0.8673,0.6292,0.7293,0.8063,0.8232,0
head_s,yolo11n,0.5,0.0,0.075,0.8561,0.8331,0.8445,0.8514,0.8502,0
head_s,yolo11n,0.5,0.5,0.075,0.8574,0.6476,0.7379,0.8053,0.8454,0
head_s,yolo11n,1.0,0.0,0.075,0.8594,0.8226,0.8406,0.8518,0.8413,0
head_s,yolo11n,1.0,0.5,0.075,0.8607,0.6418,0.7353,0.8058,0.8380,0
head_s,yolo11n,1.5,0.0,0.075,0.8627,0.8145,0.8379,0.8526,0.8334,0
head_s,yolo11n,1.5,0.5,0.075,0.8640,0.6374,0.7336,0.8066,0.8309,0
head_s,yolo11n,2.0,0.0,0.075,0.8633,0.8056,0.8335,0.8511,0.8261,0
head_s,yolo11n,2.0,0.5,0.075,0.8647,0.6321,0.7303,0.8054,0.8243,0
head_s,yolo11n,2.5,0.0,0.075,0.8660,0.7988,0.8310,0.8516,0.8214,0
head_s,yolo11n,2.5,0.5,0.075,0.8673,0.6283,0.7287,0.8060,0.8199,0
head_s,yolo11n,0.5,0.0,0.1,0.8561,0.8331,0.8445,0.8514,0.8473,0
head_s,yolo11n,0.5,0.5,0.1,0.8574,0.6476,0.7379,0.8053,0.8438,0
head_s,yolo11n,1.0,0.0,0.1,0.8594,0.8226,0.8406,0.8518,0.8385,0
head_s,yolo11n,1.0,0.5,0.1,0.8607,0.6418,0.7353,0.8058,0.8363,0
head_s,yolo11n,1.5,0.0,0.1,0.8627,0.8145,0.8379,0.8526,0.8305,0
head_s,yolo11n,1.5,0.5,0.1,0.8640,0.6374,0.7336,0.8066,0.8293,0
head_s,yolo11n,2.0,0.0,0.1,0.8633,0.8056,0.8335,0.8511,0.8233,0
head_s,yolo11n,2.0,0.5,0.1,0.8647,0.6321,0.7303,0.8054,0.8226,0
head_s,yolo11n,2.5,0.0,0.1,0.8660,0.7993,0.8313,0.8518,0.8185,0
head_s,yolo11n,2.5,0.5,0.1,0.8673,0.6286,0.7289,0.8061,0.8182,0
head_s,yolo11n,0.5,0.0,0.15,0.8561,0.8331,0.8445,0.8514,0.8387,0
head_s,yolo11n,0.5,0.5,0.15,0.8574,0.6464,0.7371,0.8049,0.8379,0
head_s,yolo11n,1.0,0.0,0.15,0.8587,0.8225,0.8402,0.8512,0.8298,0
head_s,yolo11n,1.0,0.5,0.15,0.8601,0.6404,0.7342,0.8048,0.8302,0
head_s,yolo11n,1.5,0.0,0.15,0.8607,0.8182,0.8389,0.8519,0.8219,0
head_s,yolo11n,1.5,0.5,0.15,0.8620,0.6381,0.7334,0.8055,0.8231,0
head_s,yolo11n,2.0,0.0,0.15,0.8607,0.8182,0.8389,0.8519,0.8146,0
head_s,yolo11n,2.0,0.5,0.15,0.8620,0.6381,0.7334,0.8055,0.8163,0
head_s,yolo11n,2.5,0.0,0.15,0.8607,0.8162,0.8379,0.8514,0.8099,0
head_s,yolo11n,2.5,0.5,0.15,0.8620,0.6369,0.7326,0.8051,0.8118,0
head_s,yolo11n,0.5,0.0,0.2,0.8555,0.8335,0.8444,0.8510,0.8318,0
head_s,yolo11n,0.5,0.5,0.2,0.8574,0.6457,0.7367,0.8047,0.8337,0
head_s,yolo11n,1.0,0.0,0.2,0.8561,0.8310,0.8434,0.8510,0.8229,0
head_s,yolo11n,1.0,0.5,0.2,0.8581,0.6443,0.7360,0.8047,0.8259,0
head_s,yolo11n,1.5,0.0,0.2,0.8568,0.8306,0.8435,0.8514,0.8150,0
head_s,yolo11n,1.5,0.5,0.2,0.8587,0.6442,0.7361,0.8051,0.8186,0
head_s,yolo11n,2.0,0.0,0.2,0.8568,0.8306,0.8435,0.8514,0.8077,0
head_s,yolo11n,2.0,0.5,0.2,0.8587,0.6442,0.7361,0.8051,0.8116,0
head_s,yolo11n,2.5,0.0,0.2,0.8568,0.8300,0.8432,0.8513,0.8030,0
head_s,yolo11n,2.5,0.5,0.2,0.8587,0.6438,0.7359,0.8050,0.8070,0
head_s,yolo11s,0.5,0.0,0.03,0.8561,0.8337,0.8447,0.8515,0.8598,0
head_s,yolo11s,0.5,0.5,0.03,0.8587,0.6275,0.7251,0.7998,0.8509,0
head_s,yolo11s,1.0,0.0,0.03,0.8594,0.8247,0.8417,0.8522,0.8520,0
head_s,yolo11s,1.0,0.5,0.03,0.8620,0.6230,0.7233,0.8006,0.8449,0
head_s,yolo11s,1.5,0.0,0.03,0.8620,0.8144,0.8375,0.8521,0.8426,0
head_s,yolo11s,1.5,0.5,0.03,0.8647,0.6176,0.7205,0.8006,0.8367,0
head_s,yolo11s,2.0,0.0,0.03,0.8647,0.8069,0.8348,0.8524,0.8352,0
head_s,yolo11s,2.0,0.5,0.03,0.8673,0.6137,0.7188,0.8011,0.8303,0
head_s,yolo11s,2.5,0.0,0.03,0.8673,0.7985,0.8315,0.8526,0.8288,0
head_s,yolo11s,2.5,0.5,0.03,0.8699,0.6093,0.7166,0.8014,0.8244,0
head_s,yolo11s,0.5,0.0,0.05,0.8561,0.8337,0.8447,0.8515,0.8548,0
head_s,yolo11s,0.5,0.5,0.05,0.8594,0.6246,0.7235,0.7993,0.8483,0
head_s,yolo11s,1.0,0.0,0.05,0.8594,0.8247,0.8417,0.8522,0.8470,0
head_s,yolo11s,1.0,0.5,0.05,0.8627,0.6202,0.7216,0.8001,0.8422,0
head_s,yolo11s,1.5,0.0,0.05,0.8620,0.8144,0.8375,0.8521,0.8375,0
head_s,yolo11s,1.5,0.5,0.05,0.8653,0.6148,0.7189,0.8001,0.8340,0
head_s,yolo11s,2.0,0.0,0.05,0.8647,0.8069,0.8348,0.8524,0.8301,0
head_s,yolo11s,2.0,0.5,0.05,0.8679,0.6110,0.7172,0.8006,0.8275,0
head_s,yolo11s,2.5,0.0,0.05,0.8673,0.7985,0.8315,0.8526,0.8236,0
head_s,yolo11s,2.5,0.5,0.05,0.8706,0.6067,0.7151,0.8009,0.8215,0
head_s,yolo11s,0.5,0.0,0.075,0.8561,0.8337,0.8447,0.8515,0.8499,0
head_s,yolo11s,0.5,0.5,0.075,0.8607,0.6229,0.7228,0.7997,0.8462,0
head_s,yolo11s,1.0,0.0,0.075,0.8594,0.8247,0.8417,0.8522,0.8420,0
head_s,yolo11s,1.0,0.5,0.075,0.8640,0.6185,0.7209,0.8005,0.8400,0
head_s,yolo11s,1.5,0.0,0.075,0.8620,0.8144,0.8375,0.8521,0.8325,0
head_s,yolo11s,1.5,0.5,0.075,0.8666,0.6132,0.7182,0.8005,0.8317,0
head_s,yolo11s,2.0,0.0,0.075,0.8647,0.8069,0.8348,0.8524,0.8250,0
head_s,yolo11s,2.0,0.5,0.075,0.8693,0.6094,0.7165,0.8009,0.8252,0
head_s,yolo11s,2.5,0.0,0.075,0.8673,0.7985,0.8315,0.8526,0.8185,0
head_s,yolo11s,2.5,0.5,0.075,0.8719,0.6051,0.7144,0.8012,0.8191,0
head_s,yolo11s,0.5,0.0,0.1,0.8561,0.8337,0.8447,0.8515,0.8470,0
head_s,yolo11s,0.5,0.5,0.1,0.8607,0.6223,0.7224,0.7995,0.8447,0
head_s,yolo11s,1.0,0.0,0.1,0.8594,0.8247,0.8417,0.8522,0.8391,0
head_s,yolo11s,1.0,0.5,0.1,0.8640,0.6180,0.7205,0.8003,0.8385,0
head_s,yolo11s,1.5,0.0,0.1,0.8620,0.8144,0.8375,0.8521,0.8296,0
head_s,yolo11s,1.5,0.5,0.1,0.8666,0.6126,0.7178,0.8003,0.8301,0
head_s,yolo11s,2.0,0.0,0.1,0.8647,0.8069,0.8348,0.8524,0.8222,0
head_s,yolo11s,2.0,0.5,0.1,0.8693,0.6088,0.7161,0.8008,0.8236,0
head_s,yolo11s,2.5,0.0,0.1,0.8673,0.7985,0.8315,0.8526,0.8157,0
head_s,yolo11s,2.5,0.5,0.1,0.8719,0.6046,0.7140,0.8010,0.8175,0
head_s,yolo11s,0.5,0.0,0.15,0.8561,0.8337,0.8447,0.8515,0.8384,0
head_s,yolo11s,0.5,0.5,0.15,0.8607,0.6209,0.7214,0.7990,0.8392,0
head_s,yolo11s,1.0,0.0,0.15,0.8594,0.8247,0.8417,0.8522,0.8305,0
head_s,yolo11s,1.0,0.5,0.15,0.8640,0.6165,0.7196,0.7998,0.8329,0
head_s,yolo11s,1.5,0.0,0.15,0.8607,0.8193,0.8395,0.8521,0.8210,0
head_s,yolo11s,1.5,0.5,0.15,0.8653,0.6137,0.7181,0.7997,0.8245,0
head_s,yolo11s,2.0,0.0,0.15,0.8620,0.8180,0.8394,0.8528,0.8135,0
head_s,yolo11s,2.0,0.5,0.15,0.8666,0.6132,0.7182,0.8005,0.8178,0
head_s,yolo11s,2.5,0.0,0.15,0.8620,0.8174,0.8391,0.8527,0.8070,0
head_s,yolo11s,2.5,0.5,0.15,0.8666,0.6129,0.7180,0.8004,0.8116,0
head_s,yolo11s,0.5,0.0,0.2,0.8555,0.8341,0.8446,0.8511,0.8315,0
head_s,yolo11s,0.5,0.5,0.2,0.8620,0.6209,0.7219,0.7999,0.8360,0
head_s,yolo11s,1.0,0.0,0.2,0.8568,0.8322,0.8443,0.8517,0.8235,0
head_s,yolo11s,1.0,0.5,0.2,0.8633,0.6201,0.7218,0.8005,0.8296,0
head_s,yolo11s,1.5,0.0,0.2,0.8574,0.8296,0.8433,0.8517,0.8140,0
head_s,yolo11s,1.5,0.5,0.2,0.8640,0.6188,0.7211,0.8006,0.8210,0
head_s,yolo11s,2.0,0.0,0.2,0.8581,0.8297,0.8437,0.8523,0.8065,0
head_s,yolo11s,2.0,0.5,0.2,0.8647,0.6190,0.7215,0.8011,0.8142,0
head_s,yolo11s,2.5,0.0,0.2,0.8581,0.8297,0.8437,0.8523,0.8000,0
head_s,yolo11s,2.5,0.5,0.2,0.8647,0.6190,0.7215,0.8011,0.8079,0
head_s,yolo11m,0.5,0.0,0.03,0.8568,0.8327,0.8446,0.8518,0.8599,0
head_s,yolo11m,0.5,0.5,0.03,0.8607,0.6319,0.7288,0.8026,0.8511,0
head_s,yolo11m,1.0,0.0,0.03,0.8594,0.8242,0.8414,0.8521,0.8520,0
head_s,yolo11m,1.0,0.5,0.03,0.8633,0.6275,0.7268,0.8030,0.8448,0
head_s,yolo11m,1.5,0.0,0.03,0.8633,0.8172,0.8396,0.8537,0.8423,0
head_s,yolo11m,1.5,0.5,0.03,0.8673,0.6241,0.7259,0.8046,0.8361,0
head_s,yolo11m,2.0,0.0,0.03,0.8647,0.8093,0.8361,0.8530,0.8365,0
head_s,yolo11m,2.0,0.5,0.03,0.8686,0.6198,0.7234,0.8040,0.8311,0
head_s,yolo11m,2.5,0.0,0.03,0.8666,0.8004,0.8322,0.8525,0.8306,0
head_s,yolo11m,2.5,0.5,0.03,0.8706,0.6148,0.7207,0.8037,0.8258,0
head_s,yolo11m,0.5,0.0,0.05,0.8568,0.8327,0.8446,0.8518,0.8550,0
head_s,yolo11m,0.5,0.5,0.05,0.8620,0.6293,0.7275,0.8026,0.8485,0
head_s,yolo11m,1.0,0.0,0.05,0.8594,0.8242,0.8414,0.8521,0.8470,0
head_s,yolo11m,1.0,0.5,0.05,0.8647,0.6249,0.7255,0.8030,0.8421,0
head_s,yolo11m,1.5,0.0,0.05,0.8633,0.8172,0.8396,0.8537,0.8373,0
head_s,yolo11m,1.5,0.5,0.05,0.8686,0.6215,0.7246,0.8046,0.8333,0
head_s,yolo11m,2.0,0.0,0.05,0.8647,0.8093,0.8361,0.8530,0.8313,0
head_s,yolo11m,2.0,0.5,0.05,0.8699,0.6172,0.7221,0.8041,0.8283,0
head_s,yolo11m,2.5,0.0,0.05,0.8666,0.8004,0.8322,0.8525,0.8254,0
head_s,yolo11m,2.5,0.5,0.05,0.8719,0.6124,0.7194,0.8038,0.8230,0
head_s,yolo11m,0.5,0.0,0.075,0.8568,0.8327,0.8446,0.8518,0.8500,0
head_s,yolo11m,0.5,0.5,0.075,0.8633,0.6278,0.7270,0.8031,0.8464,0
head_s,yolo11m,1.0,0.0,0.075,0.8594,0.8242,0.8414,0.8521,0.8420,0
head_s,yolo11m,1.0,0.5,0.075,0.8660,0.6235,0.7250,0.8035,0.8399,0
head_s,yolo11m,1.5,0.0,0.075,0.8633,0.8172,0.8396,0.8537,0.8322,0
head_s,yolo11m,1.5,0.5,0.075,0.8699,0.6201,0.7241,0.8051,0.8311,0
head_s,yolo11m,2.0,0.0,0.075,0.8647,0.8093,0.8361,0.8530,0.8263,0
head_s,yolo11m,2.0,0.5,0.075,0.8712,0.6159,0.7216,0.8045,0.8260,0
head_s,yolo11m,2.5,0.0,0.075,0.8666,0.8004,0.8322,0.8525,0.8203,0
head_s,yolo11m,2.5,0.5,0.075,0.8732,0.6110,0.7190,0.8042,0.8205,0
head_s,yolo11m,0.5,0.0,0.1,0.8568,0.8327,0.8446,0.8518,0.8472,0
head_s,yolo11m,0.5,0.5,0.1,0.8633,0.6269,0.7264,0.8028,0.8445,0
head_s,yolo11m,1.0,0.0,0.1,0.8594,0.8242,0.8414,0.8521,0.8391,0
head_s,yolo11m,1.0,0.5,0.1,0.8660,0.6226,0.7244,0.8032,0.8379,0
head_s,yolo11m,1.5,0.0,0.1,0.8633,0.8172,0.8396,0.8537,0.8294,0
head_s,yolo11m,1.5,0.5,0.1,0.8699,0.6193,0.7235,0.8048,0.8291,0
head_s,yolo11m,2.0,0.0,0.1,0.8647,0.8093,0.8361,0.8530,0.8234,0
head_s,yolo11m,2.0,0.5,0.1,0.8712,0.6150,0.7210,0.8042,0.8240,0
head_s,yolo11m,2.5,0.0,0.1,0.8666,0.8004,0.8322,0.8525,0.8175,0
head_s,yolo11m,2.5,0.5,0.1,0.8732,0.6102,0.7184,0.8039,0.8185,0
head_s,yolo11m,0.5,0.0,0.15,0.8568,0.8327,0.8446,0.8518,0.8386,0
head_s,yolo11m,0.5,0.5,0.15,0.8633,0.6251,0.7252,0.8022,0.8387,0
head_s,yolo11m,1.0,0.0,0.15,0.8594,0.8242,0.8414,0.8521,0.8305,0
head_s,yolo11m,1.0,0.5,0.15,0.8660,0.6208,0.7232,0.8026,0.8321,0
head_s,yolo11m,1.5,0.0,0.15,0.8620,0.8205,0.8408,0.8534,0.8207,0
head_s,yolo11m,1.5,0.5,0.15,0.8686,0.6192,0.7230,0.8038,0.8231,0
head_s,yolo11m,2.0,0.0,0.15,0.8620,0.8190,0.8399,0.8531,0.8148,0
head_s,yolo11m,2.0,0.5,0.15,0.8686,0.6183,0.7224,0.8035,0.8180,0
head_s,yolo11m,2.5,0.0,0.15,0.8620,0.8185,0.8397,0.8529,0.8088,0
head_s,yolo11m,2.5,0.5,0.15,0.8686,0.6180,0.7222,0.8035,0.8125,0
head_s,yolo11m,0.5,0.0,0.2,0.8561,0.8326,0.8442,0.8513,0.8317,0
head_s,yolo11m,0.5,0.5,0.2,0.8653,0.6251,0.7258,0.8035,0.8356,0
head_s,yolo11m,1.0,0.0,0.2,0.8574,0.8317,0.8444,0.8522,0.8236,0
head_s,yolo11m,1.0,0.5,0.2,0.8666,0.6248,0.7261,0.8044,0.8288,0
head_s,yolo11m,1.5,0.0,0.2,0.8581,0.8297,0.8437,0.8523,0.8137,0
head_s,yolo11m,1.5,0.5,0.2,0.8673,0.6238,0.7257,0.8045,0.8197,0
head_s,yolo11m,2.0,0.0,0.2,0.8581,0.8292,0.8434,0.8521,0.8078,0
head_s,yolo11m,2.0,0.5,0.2,0.8673,0.6235,0.7255,0.8044,0.8144,0
head_s,yolo11m,2.5,0.0,0.2,0.8581,0.8292,0.8434,0.8521,0.8018,0
head_s,yolo11m,2.5,0.5,0.2,0.8673,0.6235,0.7255,0.8044,0.8087,0
head_m,-,-,-,-,0.8318,0.8418,0.8367,0.8338,0.8078,1
head_m,yolo11n,0.5,0.0,0.03,0.8384,0.8296,0.8340,0.8366,0.8452,0
head_m,yolo11n,0.5,0.5,0.03,0.8397,0.6477,0.7313,0.7927,0.8347,0
head_m,yolo11n,1.0,0.0,0.03,0.8417,0.8233,0.8324,0.8379,0.8372,0
head_m,yolo11n,1.0,0.5,0.03,0.8430,0.6444,0.7304,0.7940,0.8284,0
head_m,yolo11n,1.5,0.0,0.03,0.8443,0.8133,0.8285,0.8379,0.8320,0
head_m,yolo11n,1.5,0.5,0.03,0.8456,0.6387,0.7277,0.7942,0.8241,0
head_m,yolo11n,2.0,0.0,0.03,0.8449,0.8002,0.8220,0.8356,0.8249,0
head_m,yolo11n,2.0,0.5,0.03,0.8463,0.6308,0.7228,0.7921,0.8178,0
head_m,yolo11n,2.5,0.0,0.03,0.8449,0.7924,0.8178,0.8339,0.8199,0
head_m,yolo11n,2.5,0.5,0.03,0.8463,0.6259,0.7196,0.7906,0.8132,0
head_m,yolo11n,0.5,0.0,0.05,0.8384,0.8296,0.8340,0.8366,0.8401,0
head_m,yolo11n,0.5,0.5,0.05,0.8403,0.6453,0.7300,0.7924,0.8321,0
head_m,yolo11n,1.0,0.0,0.05,0.8417,0.8233,0.8324,0.8379,0.8321,0
head_m,yolo11n,1.0,0.5,0.05,0.8436,0.6420,0.7291,0.7938,0.8257,0
head_m,yolo11n,1.5,0.0,0.05,0.8443,0.8133,0.8285,0.8379,0.8268,0
head_m,yolo11n,1.5,0.5,0.05,0.8463,0.6364,0.7265,0.7939,0.8214,0
head_m,yolo11n,2.0,0.0,0.05,0.8449,0.8002,0.8220,0.8356,0.8196,0
head_m,yolo11n,2.0,0.5,0.05,0.8469,0.6285,0.7215,0.7919,0.8150,0
head_m,yolo11n,2.5,0.0,0.05,0.8449,0.7924,0.8178,0.8339,0.8146,0
head_m,yolo11n,2.5,0.5,0.05,0.8469,0.6236,0.7183,0.7903,0.8104,0
head_m,yolo11n,0.5,0.0,0.075,0.8384,0.8296,0.8340,0.8366,0.8355,0
head_m,yolo11n,0.5,0.5,0.075,0.8403,0.6440,0.7292,0.7920,0.8292,0
head_m,yolo11n,1.0,0.0,0.075,0.8417,0.8233,0.8324,0.8379,0.8275,0
head_m,yolo11n,1.0,0.5,0.075,0.8436,0.6407,0.7283,0.7934,0.8227,0
head_m,yolo11n,1.5,0.0,0.075,0.8443,0.8133,0.8285,0.8379,0.8221,0
head_m,yolo11n,1.5,0.5,0.075,0.8463,0.6351,0.7256,0.7935,0.8184,0
head_m,yolo11n,2.0,0.0,0.075,0.8449,0.8002,0.8220,0.8356,0.8150,0
head_m,yolo11n,2.0,0.5,0.075,0.8469,0.6273,0.7207,0.7915,0.8119,0
head_m,yolo11n,2.5,0.0,0.075,0.8449,0.7924,0.8178,0.8339,0.8100,0
head_m,yolo11n,2.5,0.5,0.075,0.8469,0.6224,0.7175,0.7899,0.8074,0
head_m,yolo11n,0.5,0.0,0.1,0.8384,0.8296,0.8340,0.8366,0.8310,0
head_m,yolo11n,0.5,0.5,0.1,0.8403,0.6421,0.7279,0.7915,0.8259,0
head_m,yolo11n,1.0,0.0,0.1,0.8417,0.8233,0.8324,0.8379,0.8229,0
head_m,yolo11n,1.0,0.5,0.1,0.8436,0.6388,0.7271,0.7928,0.8194,0
head_m,yolo11n,1.5,0.0,0.1,0.8443,0.8133,0.8285,0.8379,0.8176,0
head_m,yolo11n,1.5,0.5,0.1,0.8463,0.6332,0.7244,0.7929,0.8150,0
head_m,yolo11n,2.0,0.0,0.1,0.8449,0.8007,0.8223,0.8357,0.8105,0
head_m,yolo11n,2.0,0.5,0.1,0.8469,0.6257,0.7197,0.7910,0.8086,0
head_m,yolo11n,2.5,0.0,0.1,0.8449,0.7938,0.8186,0.8342,0.8055,0
head_m,yolo11n,2.5,0.5,0.1,0.8469,0.6215,0.7169,0.7896,0.8039,0
head_m,yolo11n,0.5,0.0,0.15,0.8384,0.8296,0.8340,0.8366,0.8227,0
head_m,yolo11n,0.5,0.5,0.15,0.8403,0.6408,0.7271,0.7911,0.8200,0
head_m,yolo11n,1.0,0.0,0.15,0.8417,0.8233,0.8324,0.8379,0.8147,0
head_m,yolo11n,1.0,0.5,0.15,0.8436,0.6375,0.7262,0.7924,0.8134,0
head_m,yolo11n,1.5,0.0,0.15,0.8430,0.8167,0.8296,0.8376,0.8093,0
head_m,yolo11n,1.5,0.5,0.15,0.8449,0.6338,0.7243,0.7922,0.8090,0
head_m,yolo11n,2.0,0.0,0.15,0.8430,0.8156,0.8291,0.8374,0.8022,0
head_m,yolo11n,2.0,0.5,0.15,0.8449,0.6332,0.7239,0.7920,0.8024,0
head_m,yolo11n,2.5,0.0,0.15,0.8430,0.8151,0.8288,0.8372,0.7973,0
head_m,yolo11n,2.5,0.5,0.15,0.8449,0.6329,0.7237,0.7919,0.7978,0
head_m,yolo11n,0.5,0.0,0.2,0.8371,0.8300,0.8335,0.8356,0.8143,0
head_m,yolo11n,0.5,0.5,0.2,0.8410,0.6410,0.7275,0.7916,0.8153,0
head_m,yolo11n,1.0,0.0,0.2,0.8377,0.8290,0.8333,0.8360,0.8062,0
head_m,yolo11n,1.0,0.5,0.2,0.8417,0.6405,0.7274,0.7919,0.8085,0
head_m,yolo11n,1.5,0.0,0.2,0.8377,0.8279,0.8328,0.8357,0.8008,0
head_m,yolo11n,1.5,0.5,0.2,0.8417,0.6399,0.7270,0.7917,0.8038,0
head_m,yolo11n,2.0,0.0,0.2,0.8377,0.8274,0.8325,0.8356,0.7937,0
head_m,yolo11n,2.0,0.5,0.2,0.8417,0.6395,0.7268,0.7916,0.7971,0
head_m,yolo11n,2.5,0.0,0.2,0.8377,0.8268,0.8322,0.8355,0.7887,0
head_m,yolo11n,2.5,0.5,0.2,0.8417,0.6392,0.7266,0.7915,0.7922,0
head_m,yolo11s,0.5,0.0,0.03,0.8390,0.8287,0.8338,0.8369,0.8458,0
head_m,yolo11s,0.5,0.5,0.03,0.8423,0.6202,0.7144,0.7860,0.8366,0
head_m,yolo11s,1.0,0.0,0.03,0.8436,0.8210,0.8321,0.8390,0.8390,0
head_m,yolo11s,1.0,0.5,0.03,0.8469,0.6167,0.7137,0.7881,0.8321,0
head_m,yolo11s,1.5,0.0,0.03,0.8449,0.8103,0.8273,0.8378,0.8331,0
head_m,yolo11s,1.5,0.5,0.03,0.8482,0.6110,0.7103,0.7871,0.8273,0
head_m,yolo11s,2.0,0.0,0.03,0.8469,0.7962,0.8208,0.8363,0.8254,0
head_m,yolo11s,2.0,0.5,0.03,0.8502,0.6033,0.7058,0.7859,0.8205,0
head_m,yolo11s,2.5,0.0,0.03,0.8489,0.7907,0.8188,0.8366,0.8198,0
head_m,yolo11s,2.5,0.5,0.03,0.8522,0.6005,0.7045,0.7863,0.8157,0
head_m,yolo11s,0.5,0.0,0.05,0.8390,0.8287,0.8338,0.8369,0.8406,0
head_m,yolo11s,0.5,0.5,0.05,0.8430,0.6183,0.7134,0.7859,0.8337,0
head_m,yolo11s,1.0,0.0,0.05,0.8436,0.8210,0.8321,0.8390,0.8337,0
head_m,yolo11s,1.0,0.5,0.05,0.8476,0.6149,0.7127,0.7879,0.8291,0
head_m,yolo11s,1.5,0.0,0.05,0.8449,0.8103,0.8273,0.8378,0.8277,0
head_m,yolo11s,1.5,0.5,0.05,0.8489,0.6091,0.7093,0.7869,0.8242,0
head_m,yolo11s,2.0,0.0,0.05,0.8469,0.7962,0.8208,0.8363,0.8199,0
head_m,yolo11s,2.0,0.5,0.05,0.8509,0.6015,0.7048,0.7857,0.8174,0
head_m,yolo11s,2.5,0.0,0.05,0.8489,0.7907,0.8188,0.8366,0.8143,0
head_m,yolo11s,2.5,0.5,0.05,0.8528,0.5987,0.7035,0.7861,0.8125,0
head_m,yolo11s,0.5,0.0,0.075,0.8390,0.8287,0.8338,0.8369,0.8361,0
head_m,yolo11s,0.5,0.5,0.075,0.8436,0.6170,0.7127,0.7859,0.8310,0
head_m,yolo11s,1.0,0.0,0.075,0.8436,0.8210,0.8321,0.8390,0.8291,0
head_m,yolo11s,1.0,0.5,0.075,0.8482,0.6136,0.7121,0.7880,0.8263,0
head_m,yolo11s,1.5,0.0,0.075,0.8449,0.8103,0.8273,0.8378,0.8232,0
head_m,yolo11s,1.5,0.5,0.075,0.8495,0.6079,0.7087,0.7870,0.8215,0
head_m,yolo11s,2.0,0.0,0.075,0.8469,0.7962,0.8208,0.8363,0.8154,0
head_m,yolo11s,2.0,0.5,0.075,0.8515,0.6003,0.7042,0.7857,0.8146,0
head_m,yolo11s,2.5,0.0,0.075,0.8489,0.7907,0.8188,0.8366,0.8098,0
head_m,yolo11s,2.5,0.5,0.075,0.8535,0.5975,0.7029,0.7861,0.8097,0
head_m,yolo11s,0.5,0.0,0.1,0.8390,0.8287,0.8338,0.8369,0.8316,0
head_m,yolo11s,0.5,0.5,0.1,0.8436,0.6152,0.7116,0.7853,0.8279,0
head_m,yolo11s,1.0,0.0,0.1,0.8436,0.8210,0.8321,0.8390,0.8247,0
head_m,yolo11s,1.0,0.5,0.1,0.8482,0.6118,0.7109,0.7874,0.8232,0
head_m,yolo11s,1.5,0.0,0.1,0.8449,0.8103,0.8273,0.8378,0.8187,0
head_m,yolo11s,1.5,0.5,0.1,0.8495,0.6062,0.7075,0.7864,0.8183,0
head_m,yolo11s,2.0,0.0,0.1,0.8469,0.7972,0.8213,0.8365,0.8109,0
head_m,yolo11s,2.0,0.5,0.1,0.8515,0.5992,0.7034,0.7854,0.8114,0
head_m,yolo11s,2.5,0.0,0.1,0.8489,0.7922,0.8195,0.8369,0.8053,0
head_m,yolo11s,2.5,0.5,0.1,0.8535,0.5967,0.7024,0.7858,0.8065,0
head_m,yolo11s,0.5,0.0,0.15,0.8390,0.8287,0.8338,0.8369,0.8233,0
head_m,yolo11s,0.5,0.5,0.15,0.8436,0.6138,0.7106,0.7848,0.8224,0
head_m,yolo11s,1.0,0.0,0.15,0.8430,0.8209,0.8318,0.8385,0.8164,0
head_m,yolo11s,1.0,0.5,0.15,0.8476,0.6102,0.7096,0.7864,0.8176,0
head_m,yolo11s,1.5,0.0,0.15,0.8443,0.8138,0.8288,0.8380,0.8104,0
head_m,yolo11s,1.5,0.5,0.15,0.8489,0.6066,0.7076,0.7861,0.8127,0
head_m,yolo11s,2.0,0.0,0.15,0.8456,0.8135,0.8293,0.8390,0.8027,0
head_m,yolo11s,2.0,0.5,0.15,0.8502,0.6067,0.7081,0.7870,0.8057,0
head_m,yolo11s,2.5,0.0,0.15,0.8463,0.8116,0.8286,0.8391,0.7971,0
head_m,yolo11s,2.5,0.5,0.15,0.8509,0.6057,0.7077,0.7871,0.8007,0
head_m,yolo11s,0.5,0.0,0.2,0.8377,0.8290,0.8333,0.8360,0.8149,0
head_m,yolo11s,0.5,0.5,0.2,0.8443,0.6134,0.7105,0.7852,0.8183,0
head_m,yolo11s,1.0,0.0,0.2,0.8384,0.8275,0.8329,0.8362,0.8079,0
head_m,yolo11s,1.0,0.5,0.2,0.8449,0.6127,0.7103,0.7854,0.8133,0
head_m,yolo11s,1.5,0.0,0.2,0.8384,0.8270,0.8326,0.8361,0.8019,0
head_m,yolo11s,1.5,0.5,0.2,0.8449,0.6124,0.7101,0.7853,0.8081,0
head_m,yolo11s,2.0,0.0,0.2,0.8390,0.8271,0.8330,0.8366,0.7941,0
head_m,yolo11s,2.0,0.5,0.2,0.8456,0.6126,0.7105,0.7858,0.8008,0
head_m,yolo11s,2.5,0.0,0.2,0.8390,0.8260,0.8325,0.8364,0.7885,0
head_m,yolo11s,2.5,0.5,0.2,0.8456,0.6120,0.7101,0.7856,0.7955,0
head_m,yolo11m,0.5,0.0,0.03,0.8390,0.8314,0.8352,0.8375,0.8457,0
head_m,yolo11m,0.5,0.5,0.03,0.8456,0.6324,0.7236,0.7922,0.8371,0
head_m,yolo11m,1.0,0.0,0.03,0.8436,0.8231,0.8332,0.8394,0.8389,0
head_m,yolo11m,1.0,0.5,0.03,0.8502,0.6285,0.7227,0.7942,0.8322,0
head_m,yolo11m,1.5,0.0,0.03,0.8469,0.8122,0.8292,0.8397,0.8297,0
head_m,yolo11m,1.5,0.5,0.03,0.8535,0.6227,0.7201,0.7946,0.8240,0
head_m,yolo11m,2.0,0.0,0.03,0.8476,0.7988,0.8224,0.8373,0.8236,0
head_m,yolo11m,2.0,0.5,0.03,0.8541,0.6149,0.7151,0.7925,0.8188,0
head_m,yolo11m,2.5,0.0,0.03,0.8495,0.7913,0.8194,0.8372,0.8179,0
head_m,yolo11m,2.5,0.5,0.03,0.8561,0.6109,0.7130,0.7925,0.8139,0
head_m,yolo11m,0.5,0.0,0.05,0.8390,0.8314,0.8352,0.8375,0.8404,0
head_m,yolo11m,0.5,0.5,0.05,0.8456,0.6293,0.7216,0.7912,0.8335,0
head_m,yolo11m,1.0,0.0,0.05,0.8436,0.8231,0.8332,0.8394,0.8336,0
head_m,yolo11m,1.0,0.5,0.05,0.8502,0.6254,0.7207,0.7932,0.8285,0
head_m,yolo11m,1.5,0.0,0.05,0.8469,0.8122,0.8292,0.8397,0.8243,0
head_m,yolo11m,1.5,0.5,0.05,0.8535,0.6198,0.7181,0.7936,0.8203,0
head_m,yolo11m,2.0,0.0,0.05,0.8476,0.7988,0.8224,0.8373,0.8180,0
head_m,yolo11m,2.0,0.5,0.05,0.8541,0.6121,0.7131,0.7915,0.8150,0
head_m,yolo11m,2.5,0.0,0.05,0.8495,0.7913,0.8194,0.8372,0.8123,0
head_m,yolo11m,2.5,0.5,0.05,0.8561,0.6080,0.7111,0.7915,0.8100,0
head_m,yolo11m,0.5,0.0,0.075,0.8390,0.8314,0.8352,0.8375,0.8359,0
head_m,yolo11m,0.5,0.5,0.075,0.8463,0.6277,0.7208,0.7912,0.8310,0
head_m,yolo11m,1.0,0.0,0.075,0.8436,0.8231,0.8332,0.8394,0.8290,0
head_m,yolo11m,1.0,0.5,0.075,0.8509,0.6238,0.7198,0.7931,0.8260,0
head_m,yolo11m,1.5,0.0,0.075,0.8469,0.8122,0.8292,0.8397,0.8196,0
head_m,yolo11m,1.5,0.5,0.075,0.8541,0.6182,0.7172,0.7936,0.8177,0
head_m,yolo11m,2.0,0.0,0.075,0.8476,0.7988,0.8224,0.8373,0.8134,0
head_m,yolo11m,2.0,0.5,0.075,0.8548,0.6105,0.7123,0.7915,0.8124,0
head_m,yolo11m,2.5,0.0,0.075,0.8495,0.7913,0.8194,0.8372,0.8076,0
head_m,yolo11m,2.5,0.5,0.075,0.8568,0.6065,0.7102,0.7915,0.8074,0
head_m,yolo11m,0.5,0.0,0.1,0.8390,0.8314,0.8352,0.8375,0.8313,0
head_m,yolo11m,0.5,0.5,0.1,0.8463,0.6246,0.7188,0.7902,0.8277,0
head_m,yolo11m,1.0,0.0,0.1,0.8436,0.8231,0.8332,0.8394,0.8244,0
head_m,yolo11m,1.0,0.5,0.1,0.8509,0.6208,0.7178,0.7921,0.8226,0
head_m,yolo11m,1.5,0.0,0.1,0.8469,0.8122,0.8292,0.8397,0.8151,0
head_m,yolo11m,1.5,0.5,0.1,0.8541,0.6152,0.7153,0.7926,0.8143,0
head_m,yolo11m,2.0,0.0,0.1,0.8476,0.7993,0.8227,0.8374,0.8088,0
head_m,yolo11m,2.0,0.5,0.1,0.8548,0.6079,0.7105,0.7906,0.8090,0
head_m,yolo11m,2.5,0.0,0.1,0.8495,0.7928,0.8202,0.8375,0.8031,0
head_m,yolo11m,2.5,0.5,0.1,0.8568,0.6045,0.7089,0.7908,0.8039,0
head_m,yolo11m,0.5,0.0,0.15,0.8390,0.8314,0.8352,0.8375,0.8230,0
head_m,yolo11m,0.5,0.5,0.15,0.8463,0.6228,0.7175,0.7896,0.8223,0
head_m,yolo11m,1.0,0.0,0.15,0.8436,0.8236,0.8335,0.8395,0.8161,0
head_m,yolo11m,1.0,0.5,0.15,0.8509,0.6193,0.7169,0.7917,0.8171,0
head_m,yolo11m,1.5,0.0,0.15,0.8456,0.8161,0.8306,0.8395,0.8067,0
head_m,yolo11m,1.5,0.5,0.15,0.8528,0.6155,0.7150,0.7918,0.8087,0
head_m,yolo11m,2.0,0.0,0.15,0.8456,0.8156,0.8303,0.8394,0.8005,0
head_m,yolo11m,2.0,0.5,0.15,0.8528,0.6152,0.7148,0.7917,0.8034,0
head_m,yolo11m,2.5,0.0,0.15,0.8463,0.8142,0.8299,0.8396,0.7947,0
head_m,yolo11m,2.5,0.5,0.15,0.8535,0.6145,0.7145,0.7919,0.7983,0
head_m,yolo11m,0.5,0.0,0.2,0.8377,0.8317,0.8347,0.8365,0.8146,0
head_m,yolo11m,0.5,0.5,0.2,0.8469,0.6230,0.7179,0.7901,0.8182,0
head_m,yolo11m,1.0,0.0,0.2,0.8390,0.8298,0.8344,0.8372,0.8076,0
head_m,yolo11m,1.0,0.5,0.2,0.8482,0.6222,0.7178,0.7908,0.8128,0
head_m,yolo11m,1.5,0.0,0.2,0.8390,0.8287,0.8338,0.8369,0.7982,0
head_m,yolo11m,1.5,0.5,0.2,0.8482,0.6216,0.7174,0.7906,0.8042,0
head_m,yolo11m,2.0,0.0,0.2,0.8390,0.8281,0.8336,0.8368,0.7919,0
head_m,yolo11m,2.0,0.5,0.2,0.8482,0.6213,0.7172,0.7905,0.7986,0
head_m,yolo11m,2.5,0.0,0.2,0.8390,0.8281,0.8336,0.8368,0.7861,0
head_m,yolo11m,2.5,0.5,0.2,0.8482,0.6213,0.7172,0.7905,0.7933,0
